frequency_hz,smoothed_measured_phase_deg,minimum_phase_target_deg,smoothed_spl_db
20,1736.31666881,70.6811578433,97.2708413537
20.5450566515,1736.16537367,70.845865882,97.3565778779
21.1049676407,1735.66179935,71.3404583014,97.4821715223
21.6801377904,1734.81237576,71.9260536819,97.6524003371
22.2709829558,1733.62353277,72.3903529254,97.8686565188
22.8779303256,1732.10170029,72.6907189752,98.1269466546
23.5014187305,1730.25330821,72.8936417298,98.4227975968
24.1418989605,1728.08478641,72.9950230794,98.7517361979
24.7998340909,1725.6025648,72.9807599273,99.1092893103
25.4756998173,1722.81307326,72.7572094825,99.4909837865
26.1699847992,1719.72274169,72.3064550945,99.892346479
26.8831910135,1716.33799998,71.6140917506,100.30890424
27.6158341173,1712.66527801,70.6691374453,100.736183922
28.368443821,1708.7110057,69.4638369022,101.169712378
29.1415642709,1704.48161291,67.993426752,101.60501646
29.935754443,1699.98352956,66.255897394,102.03762302
30.7515885469,1695.22318553,64.2517702955,102.463058912
31.589656441,1690.20701072,62.0647373368,102.876850986
32.4505640592,1684.94143501,59.644220494,103.274526097
33.3349338485,1679.4328883,56.9792101529,103.651611095
34.2434052196,1673.68780048,53.9329159904,104.003632834
35.1766350089,1667.71260145,50.6751944701,104.326118167
36.1352979534,1661.51372109,47.3654167011,104.614593945
37.1200871787,1655.0975893,43.7648386025,104.86458702
38.1317146998,1648.47063598,39.9271331805,105.071624788
39.1709119363,1641.639291,36.1443712213,105.231792821
40.2384302412,1634.60998428,32.0256071825,105.342788835
41.3350414437,1627.3891457,28.0478677927,105.402599883
42.4615384077,1619.98320514,23.8196557419,105.409213018
43.6187356049,1612.39859251,19.7906938628,105.360615294
44.8074697036,1604.6417377,15.6088318973,105.254793764
46.0286001736,1596.7190706,11.5442108915,105.08973548
47.2830099078,1588.6370211,7.64569136922,104.863427498
48.5716058606,1580.40232076,3.79735424543,104.573856868
49.8953197031,1572.02403933,0.136319944011,104.219010645
51.2551084973,1563.51233859,-3.22427664451,103.797005902
52.6519553879,1554.87738651,-6.14079743108,103.31209981
54.0868703129,1546.12935104,-8.58879502362,102.777217633
55.5608907341,1537.27840016,-10.5178533195,102.205939175
57.0750823871,1528.33470182,-11.8977824705,101.611844238
58.6305400517,1519.30842397,-12.6926527032,101.008512626
60.2283883436,1510.2097346,-12.870600813,100.409524142
61.8697825275,1501.04880165,-12.4797448943,99.8284585891
63.5559093523,1491.83579308,-11.630527122,99.2788957699
65.2879879091,1482.58087687,-10.2586464197,98.7744154878
67.0672705129,1473.29422097,-8.39369142908,98.3285975459
68.8950436076,1463.98599333,-6.31555770188,97.9528802897
70.7726286964,1454.66636194,-3.93765159669,97.6469688671
72.7013832972,1445.34549473,-1.51123621991,97.4065705481
74.6827019243,1436.03355969,0.954353268761,97.227389229
76.7180170962,1426.74072476,3.49307578477,97.1051288062
78.8088003718,1417.47715791,5.98994972421,97.0354931762
80.9565634139,1408.25302711,8.41393233949,97.0141862353
83.1628590826,1399.0785003,10.7396794874,97.0369118799
85.4292825577,1389.96374547,12.9474860655,97.0993740065
87.7574724924,1380.91893055,15.0235222331,97.1972765114
90.1491121976,1371.95422353,16.9806398813,97.3263255792
92.6059308593,1363.07979236,18.8653999645,97.4831724393
95.1297047886,1354.30580499,20.5469219788,97.666866491
97.7222587063,1345.6424294,22.1705830465,97.8768318524
100.385467062,1337.09983354,23.5809493537,98.1124926417
103.121255389,1328.68818538,24.8959105296,98.373272977
105.931601697,1320.41765288,26.0470449583,98.6585969764
108.818537903,1312.29840399,27.0050155337,98.967888758
111.784151297,1304.34060874,27.749866695,99.3005724399
114.830586057,1296.55726862,28.2570931153,99.6560721402
117.960044794,1288.9698329,28.5040338299,100.033811977
121.174790145,1281.60131936,28.4851898578,100.432601802
124.477146414,1274.47474579,28.0100449443,100.844489664
127.869501244,1267.61312996,27.1802742796,101.257334654
131.354307354,1261.03948967,25.8783848075,101.658933442
134.9340843,1254.7768427,24.1422228539,102.0370827
138.611420308,1248.84820683,22.0011032343,102.379579097
142.388974139,1243.27659985,19.4833600194,102.674219304
146.269477012,1238.08503954,16.6004889133,102.908799992
150.25573458,1233.29654368,13.4316126259,103.071117832
154.350628959,1228.93413006,10.0783932477,103.148969494
158.557120808,1225.02081646,6.64776229112,103.130192249
162.878251475,1221.57962067,3.30154445063,103.010308595
167.317145193,1218.63356047,0.232001608037,102.801555763
171.877011338,1216.20565365,-2.48491905346,102.518367124
176.561146752,1214.30150557,-4.77979010823,102.175176044
181.372938124,1212.85424727,-6.56071653966,101.786415892
186.31586444,1211.77815659,-7.84981861513,101.366520037
191.3934995,1210.98751135,-8.61889140999,100.929921847
196.609514498,1210.39658935,-8.85238498352,100.49105469
201.96768068,1209.91966841,-8.59312538084,100.064351935
207.471872067,1209.47102634,-7.84839555329,99.66424695
213.126068261,1208.96494094,-6.71491948701,99.3042616313
218.934357317,1208.31569004,-5.25691099486,98.9896146159
224.900938702,1207.43755143,-3.5589867037,98.7210871359
231.030126331,1206.24480294,-1.64659196297,98.4994186264
237.326351684,1204.65172237,0.384511843011,98.3253485226
243.794167013,1202.57258752,2.55629545682,98.1996162595
250.43824863,1199.92167622,4.8002259964,98.1229612724
257.26340029,1196.61326628,7.09874269403,98.0961229963
264.274556667,1192.56160634,9.39218274387,98.1198408666
271.476786914,1187.66629175,11.6595884098,98.1948543182
278.875298336,1181.78852982,13.8312978615,98.3219027864
286.475440151,1174.78331841,15.8481375918,98.5002426584
294.282707359,1166.50565538,17.6495626587,98.7231116626
302.302744713,1156.81053859,19.1870530842,98.982220932
310.541350802,1145.5529659,20.4239626388,99.269281599
319.004482243,1132.58793517,21.3774476639,99.5760047963
327.698257989,1117.77050197,21.9982726447,99.8941016564
336.62896375,1101.06629848,22.3029630289,100.215283312
345.803056539,1082.78179723,22.2921343003,100.531260896
355.227169344,1063.28893301,21.9942755858,100.83374554
364.908115917,1042.95964059,21.4452100677,101.114448378
374.852895705,1022.16585476,20.6782183341,101.36533617
385.068698913,1001.2795103,19.7794673348,101.58367832
395.562911695,980.672541979,18.7935100488,101.771744942
406.343121501,960.71514098,17.7708066351,101.932001329
417.41712256,941.642701958,16.7234411086,102.066912772
428.792921516,923.462190789,15.6920945023,102.178944563
440.478743216,906.158454147,14.6716504878,102.270561993
452.483036658,889.716338704,13.6832807911,102.344230355
464.8144811,874.120691134,12.7502095033,102.402414939
477.481992333,859.356358109,11.8621383876,102.447581038
490.494729128,845.408186303,11.0482298141,102.482193943
503.862099861,832.261022389,10.2900898102,102.508718946
517.59376931,819.899713039,9.61148625429,102.529621339
531.699665648,808.309104927,8.99106379151,102.547366412
546.189987617,797.474044726,8.44726232275,102.564419459
561.075211904,787.379379108,7.95757200442,102.58324577
576.366100717,778.009954747,7.52827241098,102.606310637
592.073709563,769.350618315,7.15063199732,102.636079352
608.209395243,761.386216487,6.8008640827,102.675017207
624.784824063,754.101300444,6.4596788931,102.725589493
641.811980269,747.472017765,6.12063645909,102.790261502
659.303174713,741.46510871,5.73002297764,102.871452939
677.271053751,736.046816502,5.23806715766,102.968288041
695.728608388,731.183384367,4.59227766001,103.074431841
714.689183671,726.841055527,3.78156666161,103.183036166
734.166488338,722.986073208,2.79226226088,103.287252847
754.174604728,719.584680634,1.61954900075,103.380233712
774.727998964,716.603121029,0.275738856316,103.45513059
795.841531413,714.007637618,-1.21942502921,103.505095312
817.530467426,711.764473624,-2.84800861667,103.523279706
839.810488381,709.839872272,-4.56164059669,103.502835601
862.697703017,708.200076787,-6.31640878751,103.436914827
886.208659081,706.811330392,-8.01656168077,103.319226508
910.360355295,705.639876312,-9.53702542911,103.153002868
935.170253643,704.651957771,-10.8000173163,102.949464268
960.656291996,703.813817994,-11.7608689605,102.720078399
986.836897085,703.091700205,-12.3969560957,102.476312951
1013.73099782,702.451847628,-12.6975423005,102.229635616
1041.35803898,701.860503487,-12.6584052347,101.991514083
1069.73799527,701.283911007,-12.2991243134,101.773416044
1098.89138576,700.688313413,-11.6561434221,101.586809188
1128.83928871,700.039953927,-10.7761032569,101.443161207
1159.60335686,699.305075775,-9.73634432004,101.353936788
1191.205833,698.449922181,-8.67413586296,101.325957748
1223.66956613,697.440736369,-7.71963472887,101.352029467
1257.01802794,696.243761564,-6.94349247018,101.422322729
1291.2753298,694.82524099,-6.39774162627,101.527008317
1326.46624018,693.151417871,-6.11210078039,101.656257014
1362.61620254,691.188535431,-6.10718459958,101.800239603
1399.75135377,688.902836895,-6.39978436302,101.949126868
1437.89854307,686.260565487,-6.97954986066,102.093089592
1477.08535132,683.229054336,-7.83527748288,102.222298557
1517.3401111,679.800518119,-8.93785295637,102.326924548
1558.69192711,675.991950032,-10.2325876662,102.397607066
1601.17069724,671.821412566,-11.6351552973,102.431425645
1644.80713418,667.306968211,-13.0919682432,102.430139545
1689.63278763,662.466679461,-14.5686919559,102.395613393
1735.68006711,657.318608805,-16.0307041816,102.329711821
1782.98226538,651.880818736,-17.4547843633,102.234299456
1831.57358255,646.171371744,-18.8204014271,102.111240928
1881.48915074,640.208330322,-20.1071161326,101.962400867
1932.76505956,634.009756962,-21.295840713,101.789643901
1985.43838214,627.593714153,-22.3700813858,101.59483466
2039.54720196,620.978264388,-23.3131906484,101.379838667
2095.13064039,614.181470159,-24.1058645867,101.146926968
2152.22888496,607.221393956,-24.7318087908,100.899415603
2210.88321843,600.116098272,-25.1801550229,100.64078665
2271.13604862,592.883645597,-25.44326138,100.374522191
2333.03093912,585.542098424,-25.5127032994,100.104104304
2396.6126407,578.109519243,-25.3897438757,99.8330150683
2461.92712374,570.603970546,-25.0700262987,99.5647365647
2529.02161146,563.043514825,-24.5585532424,99.3027508722
2597.94461402,555.446214571,-23.8551057066,99.0505400707
2668.74596363,547.830132276,-22.9656890036,98.8115862396
2741.47685057,540.21333043,-21.9003779928,98.5893714586
2816.18986019,532.613871526,-20.6660353886,98.3873778073
2892.93901095,525.049818055,-19.2752543363,98.2090873654
2971.77979347,517.539232508,-17.742596413,98.0579822125
3052.76921064,510.100177377,-16.0886958749,97.9375444282
3135.96581883,502.750715154,-14.3291842182,97.8512560921
3221.42977026,495.508908329,-12.4925358868,97.8025992839
3309.22285645,488.392819394,-10.6072483266,97.7950560831
3399.40855291,481.420510842,-8.7076923816,97.8321085694
3492.05206506,474.607980484,-6.83973516498,97.9172388225
3587.22037534,467.956678128,-5.06036425586,98.0539289219
3684.98229165,461.4618014,-3.46330478314,98.2436937294
3785.40849709,455.118523749,-2.14378577212,98.4784868705
3888.57160109,448.922018623,-1.1572576971,98.7473613436
3994.5461919,442.86745947,-0.536329291934,99.039369493
4103.40889049,436.950019739,-0.299124974682,99.3435636633
4215.23840598,431.164872877,-0.455352013816,99.6489961992
4330.11559252,425.507192333,-0.998402622457,99.944719445
4448.1235078,419.972151556,-1.91154419797,100.219785745
4569.34747304,414.554923994,-3.16588484422,100.463247445
4693.87513471,409.250683094,-4.71594527572,100.664156888
4821.79652789,404.054602306,-6.48921631326,100.811588129
4953.20414139,398.961855077,-8.36400257904,100.899590601
5088.19298457,393.967614856,-10.2358285336,100.933503469
5226.8606561,389.067055091,-12.0403810104,100.920223203
5369.30741446,384.255349231,-13.7348996648,100.86664627
5515.63625048,379.527670723,-15.2845317456,100.779669139
5665.95296176,374.879193017,-16.6683517065,100.666188279
5820.36622922,370.305089559,-17.8706801629,100.533100158
5978.9876956,365.800533799,-18.8867146729,100.387301245
6141.93204624,361.360699186,-19.7195116546,100.235688007
6309.317092,356.980759166,-20.3823645717,100.085156914
6481.26385438,352.655887189,-20.9095737524,99.942116816
6657.89665309,348.381256702,-21.3473277633,99.8082999191
6839.34319589,344.152041155,-21.7251444626,99.6828339197
7025.73467094,339.963413995,-22.0601906455,99.5648183765
7217.20584165,335.810548671,-22.36869695,99.4533528484
7413.89514413,331.688618631,-22.6595371172,99.3475368939
7615.94478723,327.592797322,-22.9431114575,99.246470072
7823.50085543,323.518258195,-23.2257063526,99.1492519412
8036.71341441,319.460174696,-23.513412936,99.0549820605
8255.73661956,315.413720275,-23.810620304,98.9627599885
8480.72882745,311.374068378,-24.1211792199,98.871685284
8711.85271031,307.336392456,-24.4471494527,98.7808575057
8949.27537366,303.295865956,-24.7917808378,98.6893762124
9193.1684771,299.247662325,-25.155573154,98.5963409628
9443.70835845,295.186955014,-25.5394285619,98.5008513158
9701.07616125,291.108917469,-25.943200241,98.4020068299
9965.45796568,287.00872314,-26.3664170671,98.298907064
10237.0449232,282.881545474,-26.807947875,98.1906515768
10516.0333945,278.72255792,-27.2656802956,98.0763399272
10802.625092,274.526933925,-27.7374525502,97.9550716737
11097.027225,270.28984694,-28.2203380281,97.8259463752
11399.4526501,266.006470411,-28.7106223178,97.6880635904
11710.1200246,261.671977786,-29.2037635515,97.5405228781
12029.2539651,257.281542515,-29.6951614936,97.382423797
12357.0852095,252.830338046,-30.1783919182,97.2128659059
12693.8507838,248.313537826,-30.6475708202,97.0309487635
13039.794174,243.726315305,-31.0946953886,96.8357719285
13395.1655014,239.06384393,-31.5113656273,96.6264349598
13760.2217042,234.32129715,-31.887478011,96.402037416
14135.2267225,229.493848412,-32.212192793,96.161678856
14520.4516898,224.576671166,-32.4727046386,95.9044588384
14916.1751286,219.56493886,-32.6542148309,95.629476922
15322.6831521,214.453824941,-32.7399281058,95.3358326656
15740.2696707,209.238502859,-32.7098193239,95.0226256278
16169.2366047,203.914146061,-32.5399226826,94.6889553676
16609.8941028,198.475927996,-32.2015762097,94.3339214435
17062.5607659,192.919022112,-31.6582394965,93.9566234144
17527.5638778,187.238601857,-30.8630498074,93.556160839
18005.2396416,181.42984068,-29.7512490991,93.131633276
18495.9334231,175.487912029,-28.2259202335,92.6821402842
19000,169.407989352,-26.1172918355,92.2067814224
